{"reward": 5.0, "episode": 5668, "_runtime": 19347, "_timestamp": 1645223573, "_step": 5667, "gradients/policy_fc.bias": {"_type": "histogram", "values": [1.0, 0.0, 0.0, 0.0, 0.0, 0.0, 0.0, 0.0, 0.0, 0.0, 0.0, 0.0, 0.0, 0.0, 0.0, 0.0, 0.0, 0.0, 1.0, 0.0, 0.0, 0.0, 0.0, 0.0, 0.0, 0.0, 0.0, 0.0, 0.0, 0.0, 0.0, 0.0, 0.0, 0.0, 0.0, 0.0, 0.0, 0.0, 0.0, 0.0, 0.0, 0.0, 0.0, 0.0, 0.0, 0.0, 0.0, 0.0, 0.0, 0.0, 1.0, 0.0, 0.0, 0.0, 0.0, 0.0, 0.0, 0.0, 0.0, 0.0, 0.0, 0.0, 0.0, 1.0], "bins": [-0.003742638975381851, -0.003468508133664727, -0.0031943772919476032, -0.002920246683061123, -0.002646115841343999, -0.002371984999626875, -0.0020978543907403946, -0.0018237235490232706, -0.0015495927073061466, -0.0012754618655890226, -0.0010013311402872205, -0.0007272003567777574, -0.00045306957326829433, -0.00017893873155117035, 9.519199375063181e-05, 0.00036932271905243397, 0.000643453560769558, 0.000917584344279021, 0.001191715127788484, 0.0014658458530902863, 0.0017399766948074102, 0.0020141075365245342, 0.0022882381454110146, 0.0025623689871281385, 0.0028364998288452625, 0.0031106306705623865, 0.0033847615122795105, 0.003658892121165991, 0.003933022730052471, 0.004207153804600239, 0.004481284413486719, 0.0047554150223731995, 0.005029546096920967, 0.005303676705807447, 0.005577807780355215, 0.005851938389241695, 0.006126069463789463, 0.006400200072675943, 0.006674330681562424, 0.006948461756110191, 0.007222592364996672, 0.007496722973883152, 0.00777085404843092, 0.008044985122978687, 0.00831911526620388, 0.008593246340751648, 0.008867377415299416, 0.009141507558524609, 0.009415638633072376, 0.009689769707620144, 0.009963899850845337, 0.010238030925393105, 0.010512161999940872, 0.01078629307448864, 0.011060423217713833, 0.0113345542922616, 0.011608684435486794, 0.011882815510034561, 0.012156945653259754, 0.012431076727807522, 0.01270520780235529, 0.012979337945580482, 0.01325346902012825, 0.013527600094676018, 0.013801731169223785]}, "gradients/policy_fc.weight": {"_type": "histogram", "values": [3.0, 3.0, 12.0, 11.0, 10.0, 9.0, 1.0, 3.0, 3.0, 5.0, 2.0, 4.0, 2.0, 8.0, 12.0, 32.0, 1473.0, 154.0, 52.0, 51.0, 32.0, 17.0, 5.0, 7.0, 10.0, 4.0, 1.0, 3.0, 4.0, 3.0, 1.0, 3.0, 2.0, 2.0, 5.0, 4.0, 7.0, 3.0, 3.0, 5.0, 7.0, 3.0, 5.0, 4.0, 5.0, 6.0, 7.0, 2.0, 6.0, 4.0, 4.0, 6.0, 2.0, 1.0, 2.0, 4.0, 1.0, 2.0, 2.0, 1.0, 0.0, 1.0, 1.0, 1.0], "bins": [-0.004323190078139305, -0.00406720070168376, -0.003811211558058858, -0.0035552221816033125, -0.0032992330379784107, -0.0030432436615228653, -0.00278725428506732, -0.0025312649086117744, -0.0022752757649868727, -0.0020192863885313272, -0.0017632972449064255, -0.00150730786845088, -0.0012513186084106565, -0.0009953293483704329, -0.0007393399719148874, -0.00048335071187466383, -0.00022736145183444023, 2.8627837309613824e-05, 0.0002846171264536679, 0.0005406064447015524, 0.000796595704741776, 0.0010525849647819996, 0.001308574341237545, 0.0015645636012777686, 0.0018205530941486359, 0.0020765424706041813, 0.002332531614229083, 0.0025885209906846285, 0.0028445101343095303, 0.0031004995107650757, 0.003356488887220621, 0.0036124782636761665, 0.0038684671744704247, 0.00412445655092597, 0.0043804459273815155, 0.004636434838175774, 0.004892424214631319, 0.0051484135910868645, 0.00540440296754241, 0.005660392343997955, 0.0059163812547922134, 0.006172370631247759, 0.006428360007703304, 0.006684348918497562, 0.006940338294953108, 0.007196327671408653, 0.007452317047864199, 0.007708306424319744, 0.007964296266436577, 0.008220285177230835, 0.008476275019347668, 0.008732263930141926, 0.008988253772258759, 0.009244242683053017, 0.009500231593847275, 0.009756221435964108, 0.010012210346758366, 0.010268199257552624, 0.010524189099669456, 0.010780178010463715, 0.011036167852580547, 0.011292156763374805, 0.011548146605491638, 0.011804135516285896, 0.012060124427080154]}, "gradients/encoder.encoder_fc.0.bias": {"_type": "histogram", "values": [1.0, 0.0, 0.0, 0.0, 0.0, 0.0, 0.0, 0.0, 0.0, 1.0, 0.0, 1.0, 1.0, 0.0, 2.0, 0.0, 2.0, 3.0, 4.0, 3.0, 3.0, 4.0, 4.0, 6.0, 4.0, 6.0, 2.0, 5.0, 4.0, 4.0, 3.0, 6.0, 16.0, 10.0, 260.0, 15.0, 11.0, 14.0, 11.0, 11.0, 11.0, 16.0, 19.0, 10.0, 7.0, 8.0, 1.0, 5.0, 2.0, 0.0, 5.0, 0.0, 2.0, 2.0, 1.0, 0.0, 0.0, 1.0, 0.0, 2.0, 2.0, 0.0, 0.0, 1.0], "bins": [-0.0051476312801241875, -0.004997242707759142, -0.004846854135394096, -0.004696465563029051, -0.004546076990664005, -0.00439568841829896, -0.004245299845933914, -0.004094910807907581, -0.003944522701203823, -0.0037941341288387775, -0.003643745556473732, -0.0034933569841086864, -0.003342968411743641, -0.0031925798393785954, -0.003042191034182906, -0.0028918024618178606, -0.0027414136566221714, -0.002591025084257126, -0.0024406365118920803, -0.0022902479395270348, -0.002139859367161989, -0.0019894707947969437, -0.0018390819896012545, -0.001688693417236209, -0.0015383048448711634, -0.0013879162725061178, -0.0012375277001410723, -0.001087139011360705, -0.0009367504389956594, -0.0007863618666306138, -0.0006359732360579073, -0.0004855846054852009, -0.00033519603312015533, -0.00018480743165127933, -3.4418830182403326e-05, 0.00011596977128647268, 0.0002663583727553487, 0.00041674694512039423, 0.0005671355756931007, 0.0007175242062658072, 0.0008679127786308527, 0.0010183013509958982, 0.0011686899233609438, 0.0013190786121413112, 0.0014694671845063567, 0.0016198557568714023, 0.0017702444456517696, 0.0019206330180168152, 0.0020710215903818607, 0.0022214101627469063, 0.002371798735111952, 0.0025221873074769974, 0.002672575879842043, 0.0028229644522070885, 0.0029733532574027777, 0.0031237418297678232, 0.0032741304021328688, 0.0034245189744979143, 0.00357490754686296, 0.0037252961192280054, 0.0038756849244236946, 0.00402607349678874, 0.004176462069153786, 0.004326850641518831, 0.004477239213883877]}, "gradients/encoder.encoder_fc.0.weight": {"_type": "histogram", "values": [2.0, 0.0, 1.0, 0.0, 0.0, 0.0, 3.0, 1.0, 4.0, 0.0, 5.0, 5.0, 8.0, 11.0, 14.0, 26.0, 31.0, 53.0, 52.0, 97.0, 131.0, 173.0, 234.0, 342.0, 572.0, 836.0, 1333.0, 2256.0, 3651.0, 6263.0, 15299.0, 1428814.0, 101630.0, 23505.0, 9823.0, 4491.0, 2185.0, 1316.0, 826.0, 506.0, 350.0, 258.0, 146.0, 98.0, 68.0, 45.0, 42.0, 28.0, 21.0, 15.0, 20.0, 11.0, 6.0, 4.0, 8.0, 2.0, 4.0, 0.0, 3.0, 0.0, 3.0, 0.0, 0.0, 1.0], "bins": [-0.0010176078649237752, -0.0009856504620984197, -0.0009536930010654032, -0.0009217355982400477, -0.0008897781372070312, -0.0008578207343816757, -0.0008258633315563202, -0.0007939059287309647, -0.0007619484676979482, -0.0007299910648725927, -0.0006980336038395762, -0.0006660762010142207, -0.0006341187981888652, -0.0006021613371558487, -0.0005702039343304932, -0.0005382464732974768, -0.0005062890704721212, -0.00047433163854293525, -0.00044237420661374927, -0.00041041680378839374, -0.00037845937185920775, -0.00034650193993002176, -0.00031454453710466623, -0.00028258710517548025, -0.00025062967324629426, -0.00021867224131710827, -0.00018671482393983752, -0.00015475740656256676, -0.00012279997463338077, -9.084254270419478e-05, -5.8885125326924026e-05, -2.6927707949653268e-05, 5.029607564210892e-06, 3.6987032217439264e-05, 6.894445687066764e-05, 0.00010090188152389601, 0.00013285930617712438, 0.00016481673810631037, 0.00019677415548358113, 0.00022873157286085188, 0.00026068900479003787, 0.00029264643671922386, 0.00032460386864840984, 0.0003565612714737654, 0.00038851870340295136, 0.00042047613533213735, 0.0004524335381574929, 0.00048439097008667886, 0.0005163484020158648, 0.0005483058048412204, 0.0005802632658742368, 0.0006122206686995924, 0.0006441781297326088, 0.0006761355325579643, 0.0007080929353833199, 0.0007400503382086754, 0.0007720077992416918, 0.0008039652020670474, 0.0008359226631000638, 0.0008678800659254193, 0.0008998374687507749, 0.0009317949297837913, 0.0009637523326091468, 0.0009957097936421633, 0.0010276671964675188]}, "gradients/encoder.conv.4.bias": {"_type": "histogram",