{"reward": 0.0, "episode": 10563, "_runtime": 10053, "_timestamp": 1645197719, "_step": 10562, "gradients/policy_fc.bias": {"_type": "histogram", "values": [1.0, 0.0, 0.0, 0.0, 0.0, 0.0, 0.0, 0.0, 0.0, 0.0, 0.0, 0.0, 0.0, 0.0, 0.0, 0.0, 0.0, 0.0, 0.0, 0.0, 1.0, 0.0, 0.0, 0.0, 0.0, 0.0, 0.0, 0.0, 1.0, 0.0, 0.0, 0.0, 0.0, 0.0, 0.0, 0.0, 0.0, 0.0, 0.0, 0.0, 0.0, 0.0, 0.0, 0.0, 0.0, 0.0, 0.0, 0.0, 0.0, 0.0, 0.0, 0.0, 0.0, 0.0, 0.0, 0.0, 0.0, 0.0, 0.0, 0.0, 0.0, 0.0, 0.0, 1.0], "bins": [-0.0014206967316567898, -0.0010055052116513252, -0.0005903137498535216, -0.00017512228805571795, 0.0002400692319497466, 0.0006552606355398893, 0.0010704521555453539, 0.0014856436755508184, 0.001900835195556283, 0.0023160267155617476, 0.002731218235567212, 0.003146409522742033, 0.0035616010427474976, 0.003976792562752962, 0.004391984082758427, 0.004807175602763891, 0.005222367122769356, 0.00563755864277482, 0.006052750162780285, 0.0064679416827857494, 0.006883133202791214, 0.007298324257135391, 0.007713516242802143, 0.00812870729714632, 0.008543899282813072, 0.00895909033715725, 0.009374282322824001, 0.009789473377168179, 0.01020466536283493, 0.010619856417179108, 0.01103504840284586, 0.011450239457190037, 0.011865430511534214, 0.012280621565878391, 0.012695813551545143, 0.01311100460588932, 0.013526196591556072, 0.01394138764590025, 0.014356579631567001, 0.014771770685911179, 0.01518696267157793, 0.015602153725922108, 0.01601734571158886, 0.016432536765933037, 0.016847727820277214, 0.01726292073726654, 0.017678111791610718, 0.018093302845954895, 0.018508493900299072, 0.01892368495464325, 0.019338876008987427, 0.019754068925976753, 0.02016925998032093, 0.020584451034665108, 0.020999642089009285, 0.02141483500599861, 0.02183002606034279, 0.022245217114686966, 0.022660408169031143, 0.02307560108602047, 0.023490792140364647, 0.023905983194708824, 0.024321174249053, 0.024736367166042328, 0.025151558220386505]}, "gradients/policy_fc.weight": {"_type": "histogram", "values": [2.0, 1.0, 8.0, 8.0, 11.0, 13.0, 27.0, 78.0, 1265.0, 119.0, 86.0, 72.0, 57.0, 46.0, 26.0, 30.0, 22.0, 20.0, 20.0, 17.0, 15.0, 8.0, 10.0, 11.0, 10.0, 10.0, 8.0, 4.0, 3.0, 2.0, 3.0, 2.0, 5.0, 5.0, 2.0, 1.0, 1.0, 3.0, 1.0, 0.0, 1.0, 3.0, 0.0, 0.0, 0.0, 0.0, 2.0, 1.0, 0.0, 1.0, 0.0, 1.0, 0.0, 0.0, 0.0, 0.0, 0.0, 0.0, 0.0, 2.0, 2.0, 1.0, 0.0, 2.0], "bins": [-0.006822515279054642, -0.006019989959895611, -0.00521746464073658, -0.004414939787238836, -0.0036124144680798054, -0.0028098891489207745, -0.002007364295423031, -0.001204838976264, -0.000402313657104969, 0.00040021154563874006, 0.0012027367483824492, 0.0020052618347108364, 0.0028077871538698673, 0.0036103124730288982, 0.004412837326526642, 0.005215362645685673, 0.006017887964844704, 0.006820413284003735, 0.0076229386031627655, 0.008425462990999222, 0.009227989241480827, 0.010030513629317284, 0.010833038948476315, 0.011635564267635345, 0.012438088655471802, 0.013240613974630833, 0.014043139293789864, 0.01484566368162632, 0.015648189932107925, 0.01645071431994438, 0.017253238707780838, 0.018055764958262444, 0.01885829120874405, 0.019660815596580505, 0.02046334184706211, 0.021265866234898567, 0.022068392485380173, 0.02287091687321663, 0.023673441261053085, 0.02447596751153469, 0.025278493762016296, 0.026081018149852753, 0.026883544400334358, 0.027686068788170815, 0.02848859503865242, 0.029291119426488876, 0.030093643814325333, 0.030896170064806938, 0.031698696315288544, 0.032501220703125, 0.033303745090961456, 0.03410627320408821, 0.03490879759192467, 0.035711321979761124, 0.03651384636759758, 0.037316374480724335, 0.03811889514327049, 0.03892141953110695, 0.039723943918943405, 0.04052647203207016, 0.041328996419906616, 0.04213152080774307, 0.04293404519557953, 0.043736569583415985, 0.04453909769654274]}, "gradients/encoder.encoder_fc.0.bias": {"_type": "histogram", "values": [1.0, 0.0, 0.0, 0.0, 0.0, 0.0, 0.0, 0.0, 1.0, 0.0, 2.0, 3.0, 0.0, 1.0, 3.0, 1.0, 3.0, 10.0, 9.0, 16.0, 27.0, 22.0, 174.0, 28.0, 28.0, 25.0, 26.0, 17.0, 14.0, 12.0, 10.0, 9.0, 9.0, 6.0, 6.0, 3.0, 6.0, 4.0, 9.0, 8.0, 5.0, 1.0, 2.0, 1.0, 3.0, 0.0, 0.0, 2.0, 0.0, 2.0, 1.0, 0.0, 0.0, 1.0, 0.0, 0.0, 0.0, 0.0, 0.0, 0.0, 0.0, 0.0, 0.0, 1.0], "bins": [-0.005740318447351456, -0.005487266927957535, -0.005234215408563614, -0.004981163889169693, -0.004728112369775772, -0.004475060850381851, -0.00422200933098793, -0.003968957811594009, -0.0037159062922000885, -0.0034628547728061676, -0.0032098032534122467, -0.002956751734018326, -0.002703700214624405, -0.002450648695230484, -0.002197597175836563, -0.0019445456564426422, -0.0016914941370487213, -0.0014384426176548004, -0.0011853910982608795, -0.0009323395788669586, -0.0006792880594730377, -0.0004262365400791168, -0.00017318502068519592, 7.986649870872498e-05, 0.0003329180181026459, 0.0005859695374965668, 0.0008390210568904877, 0.0010920725762844086, 0.0013451240956783295, 0.0015981756150722504, 0.0018512271344661713, 0.002104278653860092, 0.002357330173254013, 0.002610381692647934, 0.002863433212041855, 0.0031164847314357758, 0.0033695362508296967, 0.0036225877702236176, 0.0038756392896175385, 0.004128690809011459, 0.00438174232840538, 0.004634793847799301, 0.004887845367193222, 0.005140896886587143, 0.005393948405981064, 0.005646999925374985, 0.005900051444768906, 0.0061531029641628265, 0.0064061544835567474, 0.006659206002950668, 0.006912257522344589, 0.00716530904173851, 0.007418360561132431, 0.007671412080526352, 0.007924463599920273, 0.008177515119314194, 0.008430566638708115, 0.008683618158102036, 0.008936669677495956, 0.009189721196889877, 0.009442772716283798, 0.009695824235677719, 0.00994887575507164, 0.010201927274465561, 0.010454978793859482]}, "gradients/encoder.encoder_fc.0.weight": {"_type": "histogram", "values": [1.0, 0.0, 0.0, 0.0, 3.0, 0.0, 0.0, 1.0, 2.0, 6.0, 3.0, 5.0, 3.0, 6.0, 10.0, 13.0, 18.0, 28.0, 23.0, 25.0, 58.0, 97.0, 147.0, 233.0, 432.0, 850.0, 1909.0, 5253.0, 17542.0, 107981.0, 1360538.0, 64272.0, 22571.0, 10423.0, 5352.0, 2909.0, 1758.0, 1029.0, 679.0, 482.0, 273.0, 200.0, 142.0, 84.0, 58.0, 66.0, 41.0, 21.0, 17.0, 14.0, 18.0, 8.0, 7.0, 7.0, 4.0, 2.0, 3.0, 2.0, 0.0, 1.0, 1.0, 0.0, 0.0, 1.0], "bins": [-0.003000749973580241, -0.002901231637224555, -0.0028017135336995125, -0.0027021951973438263, -0.00260267686098814, -0.002503158524632454, -0.0024036404211074114, -0.002304122084751725, -0.0022046039812266827, -0.0021050856448709965, -0.002005567541345954, -0.0019060492049902678, -0.0018065308686345816, -0.0017070126486942172, -0.0016074944287538528, -0.0015079760923981667, -0.0014084577560424805, -0.001308939536102116, -0.00120942119974643, -0.0011099029798060656, -0.0010103846434503794, -0.000910866423510015, -0.0008113482035696507, -0.0007118299254216254, -0.0006123117636889219, -0.0005127934855408967, -0.00041327523649670184, -0.000313756987452507, -0.00021423870930448174, -0.00011472043115645647, -1.520221121609211e-05, 8.431606693193316e-05, 0.00018383446149528027, 0.00028335273964330554, 0.00038287098868750036, 0.0004823892377316952, 0.0005819075158797204, 0.0006814257940277457, 0.0007809440139681101, 0.0008804622921161354, 0.0009799806866794825, 0.0010794989066198468, 0.001179017242975533, 0.0012785354629158974, 0.0013780537992715836, 0.001477572019211948, 0.0015770902391523123, 0.0016766085755079985, 0.001776126679033041, 0.0018756448989734054, 0.0019751631189137697, 0.002074681455269456, 0.002174199791625142, 0.0022737178951501846, 0.002373236231505871, 0.002472754567861557, 0.002572272904217243, 0.0026717912405729294, 0.002771309344097972, 0.002870827680453658, 0.0029703460168093443, 0.003069864120334387, 0.003169382456690073, 0.003268900793045759, 0.0033684188965708017]}, "gradients/encoder.conv.4.bias": {"_type": "histogram",