{"reward": -21.0, "episode": 113, "_runtime": 6044, "_timestamp": 1645126070, "_step": 113, "gradients/policy_fc.bias": {"_type": "histogram", "values": [1.0, 0.0, 0.0, 0.0, 0.0, 0.0, 0.0, 1.0, 0.0, 1.0, 1.0, 0.0, 0.0, 1.0, 0.0, 0.0, 0.0, 0.0, 0.0, 0.0, 0.0, 0.0, 0.0, 0.0, 0.0, 0.0, 0.0, 0.0, 0.0, 0.0, 0.0, 0.0, 0.0, 0.0, 0.0, 0.0, 0.0, 0.0, 0.0, 0.0, 0.0, 0.0, 0.0, 0.0, 0.0, 0.0, 0.0, 0.0, 0.0, 0.0, 0.0, 0.0, 0.0, 0.0, 0.0, 0.0, 0.0, 0.0, 0.0, 0.0, 0.0, 0.0, 0.0, 1.0], "bins": [-0.00986893754452467, -0.008925779722630978, -0.00798262283205986, -0.007039465010166168, -0.0060963076539337635, -0.005153150297701359, -0.004209992475807667, -0.003266835119575262, -0.0023236777633428574, -0.0013805202906951308, -0.0004373628180474043, 0.0005057947710156441, 0.0014489521272480488, 0.0023921094834804535, 0.0033352673053741455, 0.00427842466160655, 0.005221582017838955, 0.00616473937407136, 0.007107896730303764, 0.008051054552197456, 0.008994212374091148, 0.009937369264662266, 0.010880527086555958, 0.011823683977127075, 0.012766842730343342, 0.013710000552237034, 0.014653157442808151, 0.015596315264701843, 0.016539473086595535, 0.017482630908489227, 0.01842578873038292, 0.019368944689631462, 0.020312100648880005, 0.021255258470773697, 0.02219841629266739, 0.02314157411456108, 0.024084730073809624, 0.025027887895703316, 0.025971045717597008, 0.0269142035394907, 0.027857359498739243, 0.028800517320632935, 0.029743675142526627, 0.03068683296442032, 0.03162999078631401, 0.0325731486082077, 0.033516302704811096, 0.03445946052670479, 0.03540261834859848, 0.03634577617049217, 0.037288933992385864, 0.038232091814279556, 0.03917524963617325, 0.04011840373277664, 0.04106156527996063, 0.042004719376564026, 0.042947880923748016, 0.04389103874564171, 0.0448341965675354, 0.04577735438942909, 0.046720512211322784, 0.04766366630792618, 0.04860682785511017, 0.04954998195171356, 0.050493139773607254]}, "gradients/policy_fc.weight": {"_type": "histogram", "values": [2.0, 0.0, 1.0, 0.0, 1.0, 2.0, 1.0, 5.0, 3.0, 5.0, 8.0, 3012.0, 12.0, 5.0, 3.0, 4.0, 1.0, 0.0, 0.0, 0.0, 0.0, 0.0, 1.0, 0.0, 0.0, 0.0, 0.0, 0.0, 0.0, 1.0, 0.0, 1.0, 0.0, 0.0, 1.0, 0.0, 0.0, 0.0, 0.0, 0.0, 0.0, 0.0, 1.0, 0.0, 0.0, 0.0, 0.0, 0.0, 0.0, 0.0, 0.0, 0.0, 0.0, 0.0, 0.0, 0.0, 0.0, 1.0, 0.0, 0.0, 0.0, 0.0, 0.0, 1.0], "bins": [-0.024087244644761086, -0.02199414372444153, -0.01990104280412197, -0.017807941883802414, -0.015714839100837708, -0.013621739111840725, -0.011528637260198593, -0.009435536339879036, -0.007342435419559479, -0.005249334499239922, -0.003156233113259077, -0.0010631317272782326, 0.0010299691930413246, 0.003123070113360882, 0.005216171965003014, 0.007309272885322571, 0.009402373805642128, 0.011495474725961685, 0.013588575646281242, 0.0156816765666008, 0.017774779349565506, 0.019867878407239914, 0.02196098119020462, 0.024054082110524178, 0.026147184893488884, 0.02824028581380844, 0.030333386734128, 0.032426487654447556, 0.03451959043741226, 0.03661268949508667, 0.038705792278051376, 0.04079889506101608, 0.04289199411869049, 0.0449850969016552, 0.047078195959329605, 0.04917129874229431, 0.05126439779996872, 0.053357500582933426, 0.05545060336589813, 0.05754370242357254, 0.05963680148124695, 0.061729904264211655, 0.06382300704717636, 0.06591610610485077, 0.06800920516252518, 0.07010230422019958, 0.07219541072845459, 0.074288509786129, 0.0763816088438034, 0.07847470790147781, 0.08056781440973282, 0.08266091346740723, 0.08475401252508163, 0.08684711158275604, 0.08894021809101105, 0.09103331714868546, 0.09312642365694046, 0.09521952271461487, 0.09731262922286987, 0.09940572828054428, 0.10149882733821869, 0.1035919263958931, 0.1056850329041481, 0.10777813196182251, 0.10987123101949692]}, "gradients/encoder_fc.0.bias": {"_type": "histogram", "values": [1.0, 0.0, 1.0, 0.0, 0.0, 1.0, 0.0, 0.0, 0.0, 0.0, 0.0, 1.0, 0.0, 1.0, 0.0, 0.0, 0.0, 0.0, 1.0, 0.0, 1.0, 1.0, 0.0, 0.0, 0.0, 1.0, 0.0, 498.0, 0.0, 1.0, 0.0, 0.0, 0.0, 0.0, 0.0, 0.0, 1.0, 0.0, 0.0, 0.0, 0.0, 0.0, 0.0, 1.0, 0.0, 0.0, 0.0, 0.0, 0.0, 0.0, 0.0, 1.0, 0.0, 0.0, 0.0, 0.0, 0.0, 0.0, 0.0, 0.0, 0.0, 0.0, 0.0, 1.0], "bins": [-0.05980732664465904, -0.057620350271463394, -0.055433373898267746, -0.0532463975250721, -0.05105942115187645, -0.0488724447786808, -0.04668547213077545, -0.0444984957575798, -0.042311519384384155, -0.04012454301118851, -0.03793756663799286, -0.03575059026479721, -0.03356361389160156, -0.031376637518405914, -0.029189663007855415, -0.027002686634659767, -0.02481570839881897, -0.02262873202562332, -0.020441755652427673, -0.018254779279232025, -0.016067802906036377, -0.013880827464163303, -0.01169385202229023, -0.009506875649094582, -0.007319901138544083, -0.0051329247653484344, -0.0029459488578140736, -0.0007589729502797127, 0.0014280034229159355, 0.0036149797961115837, 0.005801955237984657, 0.007988931611180305, 0.010175913572311401, 0.01236288994550705, 0.014549866318702698, 0.016736842691898346, 0.018923819065093994, 0.021110795438289642, 0.02329776994884014, 0.02548474632203579, 0.027671724557876587, 0.029858700931072235, 0.03204567730426788, 0.03423265367746353, 0.03641963005065918, 0.03860660642385483, 0.040793582797050476, 0.042980559170246124, 0.045167531818151474, 0.04735450819134712, 0.04954148456454277, 0.05172846093773842, 0.05391543731093407, 0.056102413684129715, 0.058289386332035065, 0.06047636270523071, 0.06266333907842636, 0.06485031545162201, 0.06703729182481766, 0.0692242681980133, 0.07141124457120895, 0.0735982209444046, 0.07578519731760025, 0.0779721736907959, 0.08015915006399155]}, "gradients/encoder_fc.0.weight": {"_type": "histogram", "values": [1.0, 1.0, 0.0, 1.0, 0.0, 1.0, 9.0, 12.0, 6.0, 20.0, 22.0, 21.0, 45.0, 37.0, 65.0, 87.0, 93.0, 128.0, 170.0, 239.0, 333.0, 430.0, 565.0, 819.0, 1115.0, 1736.0, 1591037.0, 2490.0, 1752.0, 1098.0, 840.0, 602.0, 437.0, 341.0, 217.0, 221.0, 137.0, 117.0, 95.0, 70.0, 50.0, 42.0, 21.0, 30.0, 19.0, 11.0, 8.0, 7.0, 9.0, 4.0, 4.0, 3.0, 5.0, 1.0, 0.0, 2.0, 1.0, 0.0, 3.0, 1.0, 0.0, 0.0, 0.0, 1.0], "bins": [-0.15683935582637787, -0.15100055932998657, -0.14516177773475647, -0.13932298123836517, -0.13348418474197388, -0.12764538824558258, -0.12180659919977188, -0.11596781015396118, -0.11012901365756989, -0.10429021716117859, -0.09845142811536789, -0.09261263906955719, -0.0867738425731659, -0.0809350460767746, -0.0750962570309639, -0.0692574679851532, -0.0634186714887619, -0.057579878717660904, -0.051741085946559906, -0.04590229317545891, -0.04006350040435791, -0.03422470763325691, -0.028385914862155914, -0.022547122091054916, -0.01670832931995392, -0.01086953654885292, -0.005030743777751923, 0.0008080489933490753, 0.006646841764450073, 0.012485634535551071, 0.01832442730665207, 0.024163220077753067, 0.03000199794769287, 0.03584079071879387, 0.04167958348989487, 0.047518376260995865, 0.05335716903209686, 0.05919596180319786, 0.06503475457429886, 0.07087354362010956, 0.07671234011650085, 0.08255113661289215, 0.08838992565870285, 0.09422871470451355, 0.10006751120090485, 0.10590630769729614, 0.11174509674310684, 0.11758388578891754, 0.12342268228530884, 0.12926147878170013, 0.13510027527809143, 0.14093905687332153, 0.14677785336971283, 0.15261664986610413, 0.15845543146133423, 0.16429422795772552, 0.17013302445411682, 0.17597182095050812, 0.18181061744689941, 0.18764939904212952, 0.1934881955385208, 0.1993269920349121, 0.2051657736301422, 0.2110045701265335, 0.2168433666229248]}, "gradients/conv.4.bias": {"_type": "histogram", "values": [2.0, 1.0, 0.0, 0.0, 1.0, 0.0, 0.0, 0.0, 1.0, 0.0, 0.0, 0.0, 0.0, 0.0, 0.0, 0.0, 0.0, 0.0, 0.0, 0.0, 2.0, 1.0, 0.0, 0.0, 0.0, 0.0, 0.0, 0.0, 1.0, 1.0, 0.0, 4.0, 1.0, 1.0, 0.0, 2.0, 3.0, 29.0, 0.0, 1.0, 0.0, 2.0, 1.0, 0.0, 1.0, 1.0, 1.0, 0.0, 0.0, 1.0, 1.0, 0.0, 0.0, 0.0, 0.0, 2.0, 0.0, 0.0, 0.0, 0.0, 0.0, 0.0, 1.0, 2.0],