{"reward": 1.0, "episode": 1136, "_runtime": 6305, "_timestamp": 1645204153, "_step": 1136, "gradients/policy_fc.bias": {"_type": "histogram", "values": [1.0, 0.0, 0.0, 0.0, 0.0, 0.0, 0.0, 0.0, 0.0, 0.0, 0.0, 0.0, 0.0, 0.0, 0.0, 0.0, 0.0, 0.0, 0.0, 0.0, 0.0, 0.0, 0.0, 0.0, 0.0, 0.0, 0.0, 0.0, 0.0, 0.0, 0.0, 0.0, 0.0, 0.0, 0.0, 1.0, 0.0, 0.0, 0.0, 0.0, 0.0, 0.0, 0.0, 0.0, 0.0, 0.0, 0.0, 0.0, 0.0, 0.0, 0.0, 0.0, 0.0, 0.0, 1.0, 0.0, 0.0, 0.0, 0.0, 0.0, 0.0, 0.0, 0.0, 1.0], "bins": [-0.00959866400808096, -0.009383605793118477, -0.009168547578155994, -0.008953489363193512, -0.00873843114823103, -0.008523372933268547, -0.00830831564962864, -0.008093257434666157, -0.007878199219703674, -0.007663141004741192, -0.007448082789778709, -0.007233024574816227, -0.007017966825515032, -0.006802908610552549, -0.006587850395590067, -0.0063727921806275845, -0.006157733965665102, -0.0059426757507026196, -0.005727617535740137, -0.005512559786438942, -0.0052975015714764595, -0.005082443356513977, -0.004867385141551495, -0.004652326926589012, -0.00443726871162653, -0.004222210496664047, -0.004007152281701565, -0.003792094299569726, -0.003577036317437887, -0.0033619781024754047, -0.0031469198875129223, -0.00293186167255044, -0.0027168039232492447, -0.0025017457082867622, -0.0022866877261549234, -0.002071629511192441, -0.0018565714126452804, -0.0016415133140981197, -0.0014264550991356373, -0.0012113970005884767, -0.0009963391348719597, -0.0007812810363247991, -0.0005662228795699775, -0.000351164722815156, -0.00013610662426799536, 7.895147427916527e-05, 0.0002940096892416477, 0.0005090677877888083, 0.0007241261191666126, 0.0009391842177137733, 0.0011542423162609339, 0.0013693005312234163, 0.001584358629770577, 0.0017994167283177376, 0.00201447494328022, 0.0022295331582427025, 0.0024445911403745413, 0.0026596493553370237, 0.0028747073374688625, 0.003089765552431345, 0.0033048237673938274, 0.0035198817495256662, 0.0037349399644881487, 0.0039499979466199875, 0.00416505616158247]}, "gradients/policy_fc.weight": {"_type": "histogram", "values": [3.0, 1.0, 2.0, 0.0, 0.0, 2.0, 4.0, 0.0, 3.0, 2.0, 4.0, 1.0, 0.0, 4.0, 2.0, 1.0, 1.0, 1.0, 5.0, 2.0, 1.0, 2.0, 0.0, 0.0, 1.0, 0.0, 4.0, 0.0, 1.0, 1.0, 0.0, 1.0, 3.0, 8.0, 7.0, 16.0, 22.0, 38.0, 31.0, 25.0, 27.0, 26.0, 43.0, 77.0, 88.0, 182.0, 1102.0, 43.0, 26.0, 24.0, 24.0, 21.0, 15.0, 17.0, 23.0, 21.0, 17.0, 12.0, 18.0, 26.0, 8.0, 4.0, 2.0, 3.0], "bins": [-0.0030679486226290464, -0.0030012724455446005, -0.0029345962684601545, -0.0028679203242063522, -0.0028012441471219063, -0.0027345679700374603, -0.0026678917929530144, -0.0026012156158685684, -0.0025345394387841225, -0.0024678632616996765, -0.0024011870846152306, -0.0023345109075307846, -0.0022678349632769823, -0.0022011587861925364, -0.0021344826091080904, -0.0020678064320236444, -0.002001130487769842, -0.0019344543106853962, -0.001867778250016272, -0.0018011020729318261, -0.0017344258958473802, -0.001667749835178256, -0.00160107365809381, -0.0015343974810093641, -0.0014677213039249182, -0.0014010451268404722, -0.001334369066171348, -0.0012676928890869021, -0.0012010167120024562, -0.001134340651333332, -0.001067664474248886, -0.0010009882971644402, -0.0009343121200799942, -0.0008676360012032092, -0.0008009598241187632, -0.0007342837052419782, -0.0006676075281575322, -0.0006009314092807472, -0.0005342552904039621, -0.00046757914242334664, -0.00040090293623507023, -0.00033422678825445473, -0.00026755064027383924, -0.0002008745213970542, -0.0001341983734164387, -6.75222254358232e-05, -8.461065590381622e-07, 6.583004142157733e-05, 0.00013250613119453192, 0.00019918227917514741, 0.0002658584271557629, 0.00033253454603254795, 0.00039921069401316345, 0.00046588684199377894, 0.000532562960870564, 0.0005992391379550099, 0.000665915256831795, 0.00073259137570858, 0.000799267552793026, 0.000865943671669811, 0.000932619790546596, 0.000999295967631042, 0.0010659720283001661, 0.001132648205384612, 0.001199324382469058]}, "gradients/encoder.encoder_fc.0.bias": {"_type": "histogram", "values": [2.0, 0.0, 0.0, 0.0, 2.0, 0.0, 3.0, 1.0, 2.0, 3.0, 4.0, 2.0, 4.0, 5.0, 4.0, 2.0, 0.0, 2.0, 4.0, 4.0, 6.0, 1.0, 5.0, 12.0, 8.0, 12.0, 7.0, 11.0, 7.0, 7.0, 4.0, 6.0, 12.0, 11.0, 7.0, 13.0, 218.0, 10.0, 14.0, 13.0, 9.0, 11.0, 16.0, 10.0, 5.0, 6.0, 4.0, 1.0, 2.0, 5.0, 3.0, 0.0, 5.0, 2.0, 1.0, 1.0, 1.0, 1.0, 0.0, 0.0, 0.0, 0.0, 0.0, 1.0], "bins": [-0.0010921867797151208, -0.0010626019211485982, -0.0010330170625820756, -0.0010034320876002312, -0.0009738472290337086, -0.000944262370467186, -0.0009146775119006634, -0.0008850925951264799, -0.0008555076783522964, -0.0008259228197857738, -0.0007963379030115902, -0.0007667530444450676, -0.0007371681276708841, -0.0007075832691043615, -0.0006779984105378389, -0.0006484134937636554, -0.0006188286351971328, -0.0005892437766306102, -0.0005596588598564267, -0.0005300740012899041, -0.0005004890845157206, -0.000470904225949198, -0.00044131933827884495, -0.0004117344506084919, -0.0003821495920419693, -0.00035256470437161624, -0.0003229798167012632, -0.0002933949581347406, -0.0002638100413605571, -0.00023422516824211925, -0.00020464029512368143, -0.00017505540745332837, -0.00014547054888680577, -0.00011588566121645272, -8.630078082205728e-05, -5.6715900427661836e-05, -2.713101275730878e-05, 2.453874913044274e-06, 3.20387480314821e-05, 6.162363570183516e-05, 9.120855247601867e-05, 0.00012079344014637172, 0.00015037832781672478, 0.0001799632009351626, 0.00020954808860551566, 0.00023913297627586871, 0.00026871784939430654, 0.0002983027370646596, 0.0003278875956311822, 0.00035747248330153525, 0.0003870573709718883, 0.0004166422295384109, 0.0004462271463125944, 0.000475812004879117, 0.0005053968634456396, 0.0005349817802198231, 0.0005645666969940066, 0.0005941515555605292, 0.0006237364723347127, 0.0006533213309012353, 0.0006829062476754189, 0.0007124911062419415, 0.000742075964808464, 0.0007716608815826476, 0.0008012457401491702]}, "gradients/encoder.encoder_fc.0.weight": {"_type": "histogram", "values": [3.0, 1.0, 2.0, 4.0, 2.0, 4.0, 3.0, 4.0, 4.0, 3.0, 4.0, 9.0, 10.0, 11.0, 12.0, 32.0, 43.0, 86.0, 126.0, 186.0, 293.0, 509.0, 583.0, 656.0, 779.0, 1111.0, 1553.0, 2557.0, 3717.0, 5835.0, 10087.0, 21821.0, 67888.0, 1391926.0, 57728.0, 19243.0, 8786.0, 4450.0, 2281.0, 1283.0, 783.0, 429.0, 249.0, 160.0, 119.0, 78.0, 37.0, 29.0, 25.0, 20.0, 13.0, 13.0, 8.0, 6.0, 6.0, 2.0, 3.0, 3.0, 3.0, 2.0, 3.0, 1.0, 2.0, 3.0], "bins": [-0.00014396112237591296, -0.0001396661245962605, -0.00013537114136852324, -0.00013107614358887076, -0.0001267811458092183, -0.0001224861480295658, -0.00011819116480182856, -0.00011389616702217609, -0.00010960117651848122, -0.00010530618601478636, -0.00010101118823513389, -9.671619773143902e-05, -9.242120722774416e-05, -8.812620944809169e-05, -8.383121894439682e-05, -7.953622844070196e-05, -7.524123066104949e-05, -7.094624015735462e-05, -6.665124237770215e-05, -6.235625187400728e-05, -5.8061257732333615e-05, -5.3766263590659946e-05, -4.9471273086965084e-05, -4.5176278945291415e-05, -4.0881284803617746e-05, -3.6586290661944076e-05, -3.229129652027041e-05, -2.7996306016575545e-05, -2.3701311874901876e-05, -1.9406317733228207e-05, -1.5111325410543941e-05, -1.0816333087859675e-05, -6.521338946186006e-06, -2.2263457140070386e-06, 2.068647518171929e-06, 6.363640750350896e-06, 1.0658633982529864e-05, 1.4953628124203533e-05, 1.92486204468878e-05, 2.3543612769572064e-05, 2.7838606911245733e-05, 3.21336010529194e-05, 3.642859519459307e-05, 4.0723585698287934e-05, 4.50185798399616e-05, 4.931357398163527e-05, 5.3608564485330135e-05, 5.7903558627003804e-05, 6.219855276867747e-05, 6.649354327237234e-05, 7.078854105202481e-05, 7.508353155571967e-05, 7.937852933537215e-05, 8.367351983906701e-05, 8.796851034276187e-05, 9.226350812241435e-05, 9.655849862610921e-05, 0.00010085348912980407, 0.00010514848690945655, 0.00010944347741315141, 0.00011373846791684628, 0.00011803346569649875, 0.00012232846347615123, 0.00012662344670388848, 0.00013091844448354095]},